Heart disease,0.235312533
Cancer,0.2252147
COPD,0.057452985
Pain,0.049664362
Stroke,0.032640442
Alzheimer's,0.029102119
Diabetes,0.021940375
Influenza,0.00907049
Pneumonia,0.00907049
Nephritis,0.018140981
Depression,0.015844864
